<?xml version="1.0" encoding="UTF-8"?>
<project-private xmlns="http://www.netbeans.org/ns/project-private/1">
    <editor-bookmarks xmlns="http://www.netbeans.org/ns/editor-bookmarks/2" lastBookmarkId="0"/>
    <open-files xmlns="http://www.netbeans.org/ns/projectui-open-files/2">
        <group>
            <file>file:/Users/Mohamed/Documents/Project/src/project/NewMain.java</file>
            <file>file:/Users/Mohamed/Documents/Project/src/project/Puzzel8.java</file>
            <file>file:/Users/Mohamed/Documents/Project/src/project/TheEightPuzzle.java</file>
        </group>
    </open-files>
</project-private>
